topology,camouflage,seed,n_nodes,n_edges,n_ring_edges,model,auc,ap,ring_recall
clique,0.0,0,848,1812,168,gcn,0.9986111111111111,0.9765432098765432,1.0
clique,0.0,0,848,1812,168,sage,0.9951388888888889,0.9170113836780505,1.0
clique,0.0,0,848,1812,168,mlp,0.36388888888888893,0.07703478669695613,0.0
clique,0.0,1,848,1812,168,gcn,1.0,1.0,1.0
clique,0.0,1,848,1812,168,sage,0.9979166666666667,0.9674523007856342,1.0
clique,0.0,1,848,1812,168,mlp,0.44930555555555557,0.05745705639037777,0.0
clique,0.0,2,848,1812,168,gcn,0.9958333333333333,0.9060405643738978,1.0
clique,0.0,2,848,1812,168,sage,0.9423611111111111,0.44294314783445216,0.16666666666666666
clique,0.0,2,848,1812,168,mlp,0.5687499999999999,0.0977306875995445,0.0
clique,0.0,3,848,1812,168,gcn,1.0,1.0,1.0
clique,0.0,3,848,1812,168,sage,1.0,1.0,1.0
clique,0.0,3,848,1812,168,mlp,0.6020833333333333,0.1185386315599286,0.0
clique,0.0,4,848,1812,168,gcn,1.0,1.0,1.0
clique,0.0,4,848,1812,168,sage,1.0,1.0,0.8333333333333334
clique,0.0,4,848,1812,168,mlp,0.4722222222222222,0.15859797345514523,0.0
clique,0.5,0,848,2004,168,gcn,0.9881944444444445,0.8020282186948853,0.5
clique,0.5,0,848,2004,168,sage,0.8861111111111111,0.3547326811861695,0.0
clique,0.5,0,848,2004,168,mlp,0.6256944444444444,0.11190886752048217,0.0
clique,0.5,1,848,2004,168,gcn,0.9784722222222222,0.6619396580180894,0.8333333333333334
clique,0.5,1,848,2004,168,sage,0.7708333333333334,0.3257680223754898,0.3333333333333333
clique,0.5,1,848,2004,168,mlp,0.46458333333333335,0.06679654312019505,0.0
clique,0.5,2,848,2004,168,gcn,0.9555555555555555,0.6167452237305178,0.6666666666666666
clique,0.5,2,848,2004,168,sage,0.8881944444444444,0.25267890545668326,0.16666666666666666
clique,0.5,2,848,2004,168,mlp,0.6263888888888889,0.09313211630284801,0.0
clique,0.5,3,848,2004,168,gcn,0.9541666666666667,0.47110808944142274,0.5
clique,0.5,3,848,2004,168,sage,0.8479166666666667,0.16976641919170654,0.3333333333333333
clique,0.5,3,848,2004,168,mlp,0.5791666666666666,0.06898544634940273,0.0
clique,0.5,4,848,2004,168,gcn,0.9736111111111111,0.6246059009216904,0.8333333333333334
clique,0.5,4,848,2004,168,sage,0.95625,0.5367700817700818,0.6666666666666666
clique,0.5,4,848,2004,168,mlp,0.5534722222222223,0.06634952508446484,0.0
clique,1.0,0,848,2148,168,gcn,0.9347222222222222,0.37064765300059416,0.5
clique,1.0,0,848,2148,168,sage,0.8506944444444444,0.2077106920856921,0.0
clique,1.0,0,848,2148,168,mlp,0.7055555555555555,0.1848975976713203,0.0
clique,1.0,1,848,2148,168,gcn,0.9451388888888889,0.46780567027693465,0.5
clique,1.0,1,848,2148,168,sage,0.617361111111111,0.15123911791898137,0.0
clique,1.0,1,848,2148,168,mlp,0.6854166666666667,0.09484194097312482,0.0
clique,1.0,2,848,2148,168,gcn,0.8576388888888888,0.3738487160371613,0.3333333333333333
clique,1.0,2,848,2148,168,sage,0.7805555555555554,0.2691359371660086,0.0
clique,1.0,2,848,2148,168,mlp,0.6215277777777778,0.08526939925432103,0.0
clique,1.0,3,848,2148,168,gcn,0.9013888888888888,0.28564299361400813,0.3333333333333333
clique,1.0,3,848,2148,168,sage,0.7374999999999999,0.12203669042779873,0.0
clique,1.0,3,848,2148,168,mlp,0.6187499999999999,0.09733038939138636,0.0
clique,1.0,4,848,2148,168,gcn,0.8743055555555556,0.33419626915595346,0.3333333333333333
clique,1.0,4,848,2148,168,sage,0.7576388888888889,0.12988095961850005,0.0
clique,1.0,4,848,2148,168,mlp,0.3840277777777778,0.06287311800386554,0.0
clique,2.0,0,848,2484,168,gcn,0.7972222222222223,0.15232691881610694,0.0
clique,2.0,0,848,2484,168,sage,0.6583333333333333,0.10415754916861035,0.0
clique,2.0,0,848,2484,168,mlp,0.5166666666666666,0.07029001671224332,0.0
clique,2.0,1,848,2484,168,gcn,0.9020833333333333,0.29209698480531815,0.16666666666666666
clique,2.0,1,848,2484,168,sage,0.5972222222222222,0.09400953760455776,0.0
clique,2.0,1,848,2484,168,mlp,0.5159722222222223,0.17716508495927558,0.0
clique,2.0,2,848,2484,168,gcn,0.8645833333333334,0.26895552112943416,0.16666666666666666
clique,2.0,2,848,2484,168,sage,0.6222222222222222,0.07895745923667999,0.0
clique,2.0,2,848,2484,168,mlp,0.5430555555555555,0.07003131285876554,0.0
clique,2.0,3,848,2484,168,gcn,0.8944444444444445,0.2714278080021438,0.0
clique,2.0,3,848,2484,168,sage,0.7361111111111109,0.11628595863898677,0.0
clique,2.0,3,848,2484,168,mlp,0.6097222222222222,0.08675436462633954,0.0
clique,2.0,4,848,2484,168,gcn,0.9465277777777777,0.4791605135172387,0.16666666666666666
clique,2.0,4,848,2484,168,sage,0.4125,0.04807734690208353,0.0
clique,2.0,4,848,2484,168,mlp,0.5965277777777778,0.07429283551638702,0.0
star,0.0,0,848,1686,42,gcn,0.8520833333333333,0.4331114858637794,0.6666666666666666
star,0.0,0,848,1686,42,sage,0.7034722222222222,0.35959960683056286,0.5
star,0.0,0,848,1686,42,mlp,0.4409722222222222,0.0841520331719749,0.0
star,0.0,1,848,1686,42,gcn,0.9576388888888889,0.5265306889039141,0.3333333333333333
star,0.0,1,848,1686,42,sage,0.8388888888888888,0.3829149336502278,0.3333333333333333
star,0.0,1,848,1686,42,mlp,0.4895833333333333,0.054184818392215346,0.0
star,0.0,2,848,1686,42,gcn,0.888888888888889,0.3225674522067524,0.0
star,0.0,2,848,1686,42,sage,0.5472222222222222,0.1864900428063056,0.0
star,0.0,2,848,1686,42,mlp,0.30972222222222223,0.041507415560144596,0.0
star,0.0,3,848,1686,42,gcn,0.9638888888888888,0.8453423120089787,1.0
star,0.0,3,848,1686,42,sage,0.6701388888888888,0.2051095086942451,0.16666666666666666
star,0.0,3,848,1686,42,mlp,0.6305555555555555,0.23344744033610454,0.0
star,0.0,4,848,1686,42,gcn,0.9125000000000001,0.42190298943684545,0.5
star,0.0,4,848,1686,42,sage,0.8430555555555556,0.3288610548103614,0.5
star,0.0,4,848,1686,42,mlp,0.4736111111111111,0.06621023949398733,0.0
star,0.5,0,848,1710,42,gcn,0.86875,0.2920860333543681,0.16666666666666666
star,0.5,0,848,1710,42,sage,0.86875,0.35851862308384047,0.16666666666666666
star,0.5,0,848,1710,42,mlp,0.6631944444444444,0.10873443998374818,0.0
star,0.5,1,848,1710,42,gcn,0.9395833333333333,0.4675829021067116,0.5
star,0.5,1,848,1710,42,sage,0.8180555555555555,0.41964648303390695,0.0
star,0.5,1,848,1710,42,mlp,0.4375,0.05889928344895164,0.0
star,0.5,2,848,1710,42,gcn,0.6465277777777777,0.12060050971075337,0.0
star,0.5,2,848,1710,42,sage,0.7152777777777777,0.22230030301925724,0.0
star,0.5,2,848,1710,42,mlp,0.523611111111111,0.06301339619566501,0.0
star,0.5,3,848,1710,42,gcn,0.9222222222222223,0.507545888997502,0.16666666666666666
star,0.5,3,848,1710,42,sage,0.8590277777777777,0.5798941798941799,0.16666666666666666
star,0.5,3,848,1710,42,mlp,0.6256944444444444,0.07300613701507801,0.0
star,0.5,4,848,1710,42,gcn,0.7243055555555555,0.1263556871456047,0.0
star,0.5,4,848,1710,42,sage,0.8506944444444444,0.3274210357543691,0.0
star,0.5,4,848,1710,42,mlp,0.5541666666666667,0.06442061370410636,0.0
star,1.0,0,848,1770,42,gcn,0.8375,0.22582821799295186,0.0
star,1.0,0,848,1770,42,sage,0.7847222222222222,0.3118260566216324,0.0
star,1.0,0,848,1770,42,mlp,0.6465277777777778,0.10685056212008576,0.0
star,1.0,1,848,1770,42,gcn,0.6263888888888889,0.07588473185084935,0.0
star,1.0,1,848,1770,42,sage,0.5659722222222222,0.06498728876766778,0.0
star,1.0,1,848,1770,42,mlp,0.5506944444444444,0.06396222518363998,0.0
star,1.0,2,848,1770,42,gcn,0.6354166666666666,0.11401511389440008,0.0
star,1.0,2,848,1770,42,sage,0.38611111111111107,0.04712923031516973,0.0
star,1.0,2,848,1770,42,mlp,0.4548611111111111,0.060272070874497694,0.0
star,1.0,3,848,1770,42,gcn,0.6430555555555556,0.1630657457452261,0.0
star,1.0,3,848,1770,42,sage,0.7486111111111111,0.2501515394249801,0.0
star,1.0,3,848,1770,42,mlp,0.5256944444444445,0.16778243328923217,0.0
star,1.0,4,848,1770,42,gcn,0.7083333333333333,0.10268898866974084,0.0
star,1.0,4,848,1770,42,sage,0.625,0.18167184905364842,0.0
star,1.0,4,848,1770,42,mlp,0.5118055555555555,0.06444398584559537,0.0
star,2.0,0,848,1854,42,gcn,0.7923611111111111,0.24572181774382815,0.0
star,2.0,0,848,1854,42,sage,0.7604166666666667,0.20575484945228512,0.0
star,2.0,0,848,1854,42,mlp,0.6034722222222222,0.11343394105781171,0.0
star,2.0,1,848,1854,42,gcn,0.5,0.055255005195954866,0.0
star,2.0,1,848,1854,42,sage,0.55625,0.08585780928854,0.0
star,2.0,1,848,1854,42,mlp,0.47430555555555554,0.062562466529685,0.0
star,2.0,2,848,1854,42,gcn,0.4444444444444444,0.050490033553995214,0.0
star,2.0,2,848,1854,42,sage,0.5152777777777777,0.06682632225392013,0.0
star,2.0,2,848,1854,42,mlp,0.48194444444444445,0.060808619266572425,0.0
star,2.0,3,848,1854,42,gcn,0.6041666666666666,0.07318089833678908,0.0
star,2.0,3,848,1854,42,sage,0.47430555555555554,0.05439368004021123,0.0
star,2.0,3,848,1854,42,mlp,0.5041666666666667,0.0602579416493762,0.0
star,2.0,4,848,1854,42,gcn,0.6368055555555555,0.08078812188443778,0.0
star,2.0,4,848,1854,42,sage,0.6097222222222223,0.09152737718540975,0.0
star,2.0,4,848,1854,42,mlp,0.4583333333333333,0.05100103564397515,0.0
cycle,0.0,0,848,1692,48,gcn,0.8777777777777778,0.6160931130193426,0.6666666666666666
cycle,0.0,0,848,1692,48,sage,0.7673611111111112,0.4106751847360862,0.3333333333333333
cycle,0.0,0,848,1692,48,mlp,0.41180555555555554,0.06796160919971604,0.0
cycle,0.0,1,848,1692,48,gcn,0.9833333333333334,0.843827160493827,0.6666666666666666
cycle,0.0,1,848,1692,48,sage,0.6604166666666667,0.34042256706906926,0.0
cycle,0.0,1,848,1692,48,mlp,0.625,0.09240559276612408,0.0
cycle,0.0,2,848,1692,48,gcn,0.96875,0.4765378140378141,0.6666666666666666
cycle,0.0,2,848,1692,48,sage,0.5708333333333333,0.20481408269888457,0.0
cycle,0.0,2,848,1692,48,mlp,0.41597222222222224,0.04838554634421223,0.0
cycle,0.0,3,848,1692,48,gcn,0.9625,0.7084485407066052,0.8333333333333334
cycle,0.0,3,848,1692,48,sage,0.7826388888888889,0.14535610940030486,0.16666666666666666
cycle,0.0,3,848,1692,48,mlp,0.5791666666666667,0.13920415945553782,0.0
cycle,0.0,4,848,1692,48,gcn,0.9506944444444445,0.7327550871029131,0.8333333333333334
cycle,0.0,4,848,1692,48,sage,0.8145833333333333,0.1728253543590499,0.0
cycle,0.0,4,848,1692,48,mlp,0.3604166666666667,0.043719716953291195,0.0
cycle,0.5,0,848,1740,48,gcn,0.8159722222222222,0.2725862521317067,0.16666666666666666
cycle,0.5,0,848,1740,48,sage,0.76875,0.1274920480810205,0.16666666666666666
cycle,0.5,0,848,1740,48,mlp,0.7736111111111111,0.2070963544859127,0.0
cycle,0.5,1,848,1740,48,gcn,0.9381944444444443,0.8275401069518717,0.5
cycle,0.5,1,848,1740,48,sage,0.6,0.10493445298372098,0.0
cycle,0.5,1,848,1740,48,mlp,0.5395833333333333,0.09255155915303201,0.0
cycle,0.5,2,848,1740,48,gcn,0.89375,0.4376325078939458,0.3333333333333333
cycle,0.5,2,848,1740,48,sage,0.3625,0.04323502258403496,0.0
cycle,0.5,2,848,1740,48,mlp,0.5326388888888889,0.06116824923206331,0.0
cycle,0.5,3,848,1740,48,gcn,0.9180555555555555,0.434865340420896,0.6666666666666666
cycle,0.5,3,848,1740,48,sage,0.8388888888888889,0.4034244883756702,0.3333333333333333
cycle,0.5,3,848,1740,48,mlp,0.6527777777777778,0.19202018982177163,0.0
cycle,0.5,4,848,1740,48,gcn,0.7909722222222222,0.20405075526640243,0.0
cycle,0.5,4,848,1740,48,sage,0.5270833333333333,0.05921688149062989,0.0
cycle,0.5,4,848,1740,48,mlp,0.43472222222222223,0.04908442141498516,0.0
cycle,1.0,0,848,1788,48,gcn,0.7340277777777777,0.13801529040870125,0.16666666666666666
cycle,1.0,0,848,1788,48,sage,0.7125,0.152403201758292,0.0
cycle,1.0,0,848,1788,48,mlp,0.6340277777777777,0.11293333040900488,0.0
cycle,1.0,1,848,1788,48,gcn,0.6854166666666667,0.10951717456261234,0.0
cycle,1.0,1,848,1788,48,sage,0.5048611111111111,0.05959127590045997,0.0
cycle,1.0,1,848,1788,48,mlp,0.27152777777777776,0.039910295164786475,0.0
cycle,1.0,2,848,1788,48,gcn,0.6472222222222221,0.21500937940129491,0.0
cycle,1.0,2,848,1788,48,sage,0.4,0.04631636418036317,0.0
cycle,1.0,2,848,1788,48,mlp,0.45625,0.05272712679793996,0.0
cycle,1.0,3,848,1788,48,gcn,0.8131944444444446,0.19228499027247126,0.0
cycle,1.0,3,848,1788,48,sage,0.66875,0.10481105153671921,0.0
cycle,1.0,3,848,1788,48,mlp,0.5111111111111111,0.09377553401457567,0.0
cycle,1.0,4,848,1788,48,gcn,0.513888888888889,0.05806257739197519,0.0
cycle,1.0,4,848,1788,48,sage,0.34375,0.04371006171030211,0.0
cycle,1.0,4,848,1788,48,mlp,0.5729166666666666,0.0861808461161313,0.0
cycle,2.0,0,848,1884,48,gcn,0.7,0.09437199159004268,0.0
cycle,2.0,0,848,1884,48,sage,0.5277777777777777,0.06014616950773808,0.0
cycle,2.0,0,848,1884,48,mlp,0.6520833333333333,0.24271558720101044,0.0
cycle,2.0,1,848,1884,48,gcn,0.6048611111111111,0.08442013133417198,0.0
cycle,2.0,1,848,1884,48,sage,0.6229166666666667,0.08313499594459665,0.0
cycle,2.0,1,848,1884,48,mlp,0.6097222222222223,0.07965278553231263,0.0
cycle,2.0,2,848,1884,48,gcn,0.6263888888888889,0.08941841063129569,0.0
cycle,2.0,2,848,1884,48,sage,0.7222222222222222,0.1105463263990909,0.0
cycle,2.0,2,848,1884,48,mlp,0.6243055555555556,0.09314156461997841,0.0
cycle,2.0,3,848,1884,48,gcn,0.661111111111111,0.08272404602717276,0.0
cycle,2.0,3,848,1884,48,sage,0.5840277777777778,0.07116843408417314,0.0
cycle,2.0,3,848,1884,48,mlp,0.6013888888888889,0.07428550051666792,0.0
cycle,2.0,4,848,1884,48,gcn,0.6583333333333333,0.08128260328639278,0.0
cycle,2.0,4,848,1884,48,sage,0.6006944444444444,0.07303071047681838,0.0
cycle,2.0,4,848,1884,48,mlp,0.5715277777777779,0.09421370180284326,0.0
bipartite,0.0,0,848,1740,96,gcn,0.9979166666666667,0.9722222222222223,0.8333333333333334
bipartite,0.0,0,848,1740,96,sage,0.9416666666666667,0.47032627865961196,0.6666666666666666
bipartite,0.0,0,848,1740,96,mlp,0.39305555555555555,0.05271099131082811,0.0
bipartite,0.0,1,848,1740,96,gcn,0.9979166666666667,0.9722222222222223,0.8333333333333334
bipartite,0.0,1,848,1740,96,sage,0.8486111111111111,0.25908246303864074,0.3333333333333333
bipartite,0.0,1,848,1740,96,mlp,0.5638888888888889,0.07784718936849522,0.0
bipartite,0.0,2,848,1740,96,gcn,0.9854166666666667,0.7537758537758539,0.8333333333333334
bipartite,0.0,2,848,1740,96,sage,0.3854166666666667,0.047234191852513235,0.0
bipartite,0.0,2,848,1740,96,mlp,0.5888888888888889,0.07346708204079447,0.0
bipartite,0.0,3,848,1740,96,gcn,0.9979166666666667,0.9674523007856342,1.0
bipartite,0.0,3,848,1740,96,sage,0.9805555555555556,0.6873663373663375,0.6666666666666666
bipartite,0.0,3,848,1740,96,mlp,0.4583333333333333,0.05134560369887423,0.0
bipartite,0.0,4,848,1740,96,gcn,0.9993055555555556,0.9888888888888889,1.0
bipartite,0.0,4,848,1740,96,sage,0.7215277777777778,0.1349462714288296,0.3333333333333333
bipartite,0.0,4,848,1740,96,mlp,0.5159722222222222,0.05985153822434146,0.0
bipartite,0.5,0,848,1836,96,gcn,0.9847222222222223,0.6602292768959435,0.5
bipartite,0.5,0,848,1836,96,sage,0.8541666666666667,0.2501653608303225,0.5
bipartite,0.5,0,848,1836,96,mlp,0.6159722222222223,0.08649384725387707,0.0
bipartite,0.5,1,848,1836,96,gcn,0.9458333333333333,0.4878787878787879,0.5
bipartite,0.5,1,848,1836,96,sage,0.4895833333333333,0.061578937616525484,0.0
bipartite,0.5,1,848,1836,96,mlp,0.35694444444444445,0.04458177086747268,0.0
bipartite,0.5,2,848,1836,96,gcn,0.9118055555555555,0.42555380002188514,0.5
bipartite,0.5,2,848,1836,96,sage,0.5881944444444445,0.12056417077167543,0.0
bipartite,0.5,2,848,1836,96,mlp,0.46736111111111106,0.05529787590862367,0.0
bipartite,0.5,3,848,1836,96,gcn,0.9583333333333334,0.6786169168522109,0.6666666666666666
bipartite,0.5,3,848,1836,96,sage,0.8784722222222223,0.42784439866531887,0.16666666666666666
bipartite,0.5,3,848,1836,96,mlp,0.5319444444444444,0.06935743468416322,0.0
bipartite,0.5,4,848,1836,96,gcn,0.95,0.5114528218694886,0.6666666666666666
bipartite,0.5,4,848,1836,96,sage,0.5423611111111111,0.061135210257177705,0.0
bipartite,0.5,4,848,1836,96,mlp,0.4868055555555556,0.053845530842173465,0.0
bipartite,1.0,0,848,1932,96,gcn,0.929861111111111,0.3739885157841814,0.16666666666666666
bipartite,1.0,0,848,1932,96,sage,0.8236111111111111,0.37883135383135386,0.0
bipartite,1.0,0,848,1932,96,mlp,0.6256944444444444,0.15348831551649442,0.0
bipartite,1.0,1,848,1932,96,gcn,0.6479166666666667,0.0876208616573642,0.0
bipartite,1.0,1,848,1932,96,sage,0.63125,0.09774636534041062,0.0
bipartite,1.0,1,848,1932,96,mlp,0.6097222222222223,0.07965278553231263,0.0
bipartite,1.0,2,848,1932,96,gcn,0.8895833333333334,0.4428499604970193,0.16666666666666666
bipartite,1.0,2,848,1932,96,sage,0.8868055555555555,0.32555209594649137,0.3333333333333333
bipartite,1.0,2,848,1932,96,mlp,0.6020833333333333,0.10906389110740256,0.0
bipartite,1.0,3,848,1932,96,gcn,0.8076388888888889,0.24294877634699658,0.5
bipartite,1.0,3,848,1932,96,sage,0.7055555555555556,0.08869559198927451,0.0
bipartite,1.0,3,848,1932,96,mlp,0.5097222222222222,0.05529850626198277,0.0
bipartite,1.0,4,848,1932,96,gcn,0.8916666666666666,0.2171447136359417,0.0
bipartite,1.0,4,848,1932,96,sage,0.675,0.09318825440308393,0.0
bipartite,1.0,4,848,1932,96,mlp,0.42847222222222225,0.050701741309266204,0.0
bipartite,2.0,0,848,2124,96,gcn,0.7180555555555556,0.1066617784968013,0.0
bipartite,2.0,0,848,2124,96,sage,0.5638888888888889,0.06767626123737534,0.0
bipartite,2.0,0,848,2124,96,mlp,0.5694444444444444,0.06711113011870434,0.0
bipartite,2.0,1,848,2124,96,gcn,0.6229166666666667,0.07590656382312809,0.0
bipartite,2.0,1,848,2124,96,sage,0.5930555555555554,0.07019590328809555,0.0
bipartite,2.0,1,848,2124,96,mlp,0.45972222222222214,0.053415667322903475,0.0
bipartite,2.0,2,848,2124,96,gcn,0.6402777777777777,0.07614501080184895,0.0
bipartite,2.0,2,848,2124,96,sage,0.5048611111111111,0.07666871900370592,0.0
bipartite,2.0,2,848,2124,96,mlp,0.5326388888888889,0.06611424014430382,0.0
bipartite,2.0,3,848,2124,96,gcn,0.8041666666666667,0.15189063997380428,0.0
bipartite,2.0,3,848,2124,96,sage,0.5006944444444444,0.05907236065369344,0.0
bipartite,2.0,3,848,2124,96,mlp,0.49722222222222223,0.054881170592331,0.0
bipartite,2.0,4,848,2124,96,gcn,0.8590277777777777,0.2620530210380796,0.0
bipartite,2.0,4,848,2124,96,sage,0.5722222222222222,0.11291523514547967,0.0
bipartite,2.0,4,848,2124,96,mlp,0.48749999999999993,0.16879097502304044,0.0
